<?xml version="1.0"?>
<MenuItems>
    <MenuItem id="addDevice">
    	<Name>Add device(s)</Name>
        <CallbackMethod>addDevice</CallbackMethod>
      	<ConfigUI>
        	<Field id="devId" type="list" defaultValue="None">
            	<Label>Device(s) to monitor:</Label>
            	<List class="indigo.devices"/>
         	</Field>
         	<Field id="watchMins" type="textfield" defaultValue="15">
            	<Label>Watchdog Timeout (minutes):</Label>
			</Field>
         	<Field id="nPriority" type="textfield" defaultValue="0">
            	<Label>Notification Priority (-2 to 2):</Label>
			</Field>
		</ConfigUI>
    </MenuItem>
    <MenuItem id="editDevice">
    	<Name>Edit a device</Name>
        <CallbackMethod>editDevice</CallbackMethod>
        <ConfigUI>
         	<Field id="devId" type="menu" defaultValue="None">
            	<Label>Device to edit:</Label>
            	<List class="self" filter="" method="listGeneratorE"/>
			</Field>
         	<Field id="watchMins" type="textfield" defaultValue="15">
            	<Label>Watchdog Timeout (minutes):</Label>
			</Field>
         	<Field id="nPriority" type="textfield" defaultValue="0">
            	<Label>Notification Priority (-2 to 2):</Label>
			</Field>
		</ConfigUI>
    </MenuItem>
    <MenuItem id="removeDevice">
    	<Name>Remove a device</Name>
        <CallbackMethod>removeDevice</CallbackMethod>
        <ConfigUI>
         	<Field id="devId" type="menu" defaultValue="None">
            	<Label>Device to remove:</Label>
            	<List class="self" filter="" method="listGeneratorD"/>
			</Field>
		</ConfigUI>
    </MenuItem>
    <MenuItem id="listDevices">
    	<Name>List monitored devices to Event Log</Name>
        <CallbackMethod>listDevices</CallbackMethod>
    </MenuItem>
    <MenuItem id="sep1"/>
    <MenuItem id="addIpDevice">
    	<Name>Add IP device(s)</Name>
        <CallbackMethod>addIpDevice</CallbackMethod>
      	<ConfigUI>
        	<Field id="devId" type="list" defaultValue="None">
            	<Label>IP device(s) to monitor:</Label>
            	<List class="indigo.devices" filter="com.karlwachs.fingscan"/>
         	</Field>
		</ConfigUI>
    </MenuItem>
    <MenuItem id="removeIpDevice">
    	<Name>Remove IP device</Name>
        <CallbackMethod>removeIpDevice</CallbackMethod>
        <ConfigUI>
         	<Field id="devId" type="menu" defaultValue="None">
            	<Label>IP device to remove:</Label>
            	<List class="self" filter="" method="listGeneratorF"/>
			</Field>
		</ConfigUI>
    </MenuItem>
    <MenuItem id="listIpDevices">
    	<Name>List monitored IP devices to Event Log</Name>
        <CallbackMethod>listIpDevices</CallbackMethod>
    </MenuItem>
</MenuItems>
