<?xml version="1.0"?>
<PluginConfig>
	<Field id="enablePush" type="checkbox" defaultValue="true">
		<Label>Send notifications via Pushover:</Label>
	</Field>
	<Field id="pushDev" type="textfield" visibleBindingId="enablePush" visibleBindingValue="true" defaultValue="" tooltip="Leave blank to send to all your devices">
		<Label>Pushover Device:</Label>
	</Field>
	<Field id="enableProwl" type="checkbox" defaultValue="false">
		<Label>Send notifications via Prowl:</Label>
	</Field>
	<Field id="enableMail" type="checkbox" defaultValue="false">
		<Label>Send notifications via email:</Label>
	</Field>
	<Field id="notificationEmail" type="textfield" visibleBindingId="enableMail" visibleBindingValue="true">
		<Label>Email:</Label>
	</Field>
	<Field id="enableReminders" type="checkbox" defaultValue="false">
		<Label>Send daily reminders:</Label>
	</Field>
	<Field id="reminderHour" type="menu" defaultValue="8" visibleBindingId="enableReminders" visibleBindingValue="true">
		<Label>Time to send daily reminders:</Label>
		<List>
			<Option value="5">0500</Option>
			<Option value="6">0600</Option>
			<Option value="7">0700</Option>
			<Option value="8">0800</Option>
			<Option value="9">0900</Option>
			<Option value="10">1000</Option>
			<Option value="11">1100</Option>
			<Option value="12">1200</Option>
			<Option value="13">1300</Option>
			<Option value="14">1400</Option>
			<Option value="15">1500</Option>
			<Option value="16">1600</Option>
			<Option value="17">1700</Option>
			<Option value="18">1800</Option>
			<Option value="19">1900</Option>
			<Option value="20">2000</Option>
			<Option value="21">2100</Option>
			<Option value="22">2200</Option>
			<Option value="23">2300</Option>
		</List>
	</Field>
	<Field id="autoDelete" type="checkbox" defaultValue="false">
		<Label>If a monitored device is not found remove it automatically:</Label>
	</Field>
	<Field id="pcSep1" type="separator" />
	<Field id="enableIpMonitoring" type="checkbox" defaultValue="false">
		<Label>Monitor fingscan device IP address changes:</Label>
	</Field>
	<Field id="pcSep2" type="separator" />
	<Field id="language" type="menu" defaultValue="0">
		<Label>Language for notifications:</Label>
		<List>
			<Option value="0">English</Option>
			<Option value="1">Deutsch</Option>
		</List>
	</Field>	
</PluginConfig>